Michael;13421;#023858
Christopher;9232;#0570B0
David;9140;#0570B0
James;8306;#3690C0
Matthew;8205;#3690C0
John;7927;#3690C0
Robert;7520;#3690C0
Jennifer;6879;#7F0000
Joshua;6399;#74A9CF
Daniel;6205;#74A9CF
William;6010;#74A9CF
Joseph;5668;#A6BDDB
Scott;5446;#A6BDDB
Andrew;5440;#A6BDDB
Ryan;5379;#A6BDDB
Jason;5342;#A6BDDB
Jessica;5295;#D7301F
Lisa;5213;#D7301F
Sarah;5031;#D7301F
Thomas;4909;#A6BDDB
Benjamin;4886;#A6BDDB
Nicholas;4836;#A6BDDB
Richard;4778;#A6BDDB
Mark;4741;#A6BDDB
Timothy;4617;#A6BDDB
Brian;4386;#D0D1E6
Jacob;4366;#D0D1E6
Elizabeth;4325;#EF6548
Kevin;4289;#D0D1E6
Jeffrey;4282;#D0D1E6
Amanda;4032;#EF6548
Emily;3977;#EF6548
Michelle;3954;#EF6548
Melissa;3769;#FC8D59
Eric;3733;#D0D1E6
Heather;3546;#FC8D59
Ashley;3380;#FC8D59
Steven;3378;#D0D1E6
Amy;3378;#FC8D59
Tyler;3377;#D0D1E6
Adam;3311;#D0D1E6
Jonathan;3311;#D0D1E6
Kimberly;3218;#FC8D59
Justin;3171;#D0D1E6
Rebecca;3101;#FC8D59
Stephen;3098;#D0D1E6
Nathan;3093;#D0D1E6
Nicole;3058;#FDBB84
Anthony;3051;#D0D1E6
Paul;3023;#D0D1E6
Zachary;3017;#D0D1E6
Peter;3008;#D0D1E6
Karen;2765;#FDBB84
Samuel;2752;#ECE7F2
Mary;2739;#FDBB84
Charles;2722;#ECE7F2
Susan;2669;#FDBB84
Brandon;2581;#ECE7F2
Shawn;2559;#ECE7F2
Samantha;2546;#FDBB84
Alexander;2475;#ECE7F2
Hannah;2465;#FDBB84
Aaron;2428;#ECE7F2
Kelly;2423;#FDBB84
Patrick;2401;#ECE7F2
Emma;2394;#FDBB84
Stephanie;2386;#FDBB84
Angela;2363;#FDBB84
Tammy;2350;#FDBB84
Abigail;2299;#FDD49E
Kyle;2290;#ECE7F2
Julie;2254;#FDD49E
Katherine;2215;#FDD49E
Megan;2167;#FDD49E
Danielle;2056;#FDD49E
Olivia;2039;#FDD49E
Ethan;2009;#ECE7F2
Rachel;1980;#FDD49E
Dylan;1973;#ECE7F2
Jeremy;1957;#ECE7F2
Kenneth;1900;#ECE7F2
Donald;1895;#ECE7F2
Gregory;1891;#ECE7F2
Laura;1887;#FDD49E
Noah;1841;#ECE7F2
Travis;1814;#ECE7F2
Lori;1748;#FDD49E
Caleb;1718;#ECE7F2
Logan;1710;#ECE7F2
Cameron;1680;#ECE7F2
Sean;1640;#ECE7F2
Todd;1635;#ECE7F2
Christine;1615;#FDD49E
Madison;1565;#FDD49E
Lucas;1558;#ECE7F2
Laurie;1558;#FDD49E
Erin;1533;#FEE8C8
Kayla;1487;#FEE8C8
Ronald;1474;#FFF7FB
Cody;1464;#FFF7FB
Tina;1456;#FEE8C8
Keith;1453;#FFF7FB
Gary;1451;#FFF7FB
Lauren;1449;#FEE8C8
Heidi;1440;#FEE8C8
Hunter;1423;#FFF7FB
Amber;1393;#FEE8C8
Patricia;1388;#FEE8C8
Linda;1382;#FEE8C8
Evan;1380;#FFF7FB
Andrea;1380;#FEE8C8
Derek;1379;#FFF7FB
Connor;1374;#FFF7FB
Deborah;1371;#FEE8C8
Donna;1359;#FEE8C8
Pamela;1353;#FEE8C8
Brenda;1349;#FEE8C8
Wendy;1343;#FEE8C8
Brittany;1341;#FEE8C8
Ian;1338;#FFF7FB
Chad;1323;#FFF7FB
Anna;1320;#FEE8C8
Sara;1317;#FEE8C8
Taylor;1316;#FEE8C8
Craig;1311;#FFF7FB
Austin;1304;#FFF7FB
Christina;1299;#FEE8C8
Kathleen;1299;#FEE8C8
Owen;1271;#FFF7FB
Edward;1268;#FFF7FB
Alexis;1262;#FEE8C8
Isaac;1257;#FFF7FB
Douglas;1249;#FFF7FB
Courtney;1232;#FEE8C8
Crystal;1231;#FEE8C8
Jesse;1218;#FFF7FB
Shannon;1217;#FEE8C8
Corey;1216;#FFF7FB
Tracy;1215;#FEE8C8
Grace;1213;#FEE8C8
Liam;1182;#FFF7FB
Kristen;1171;#FEE8C8
Mason;1159;#FFF7FB
Debra;1155;#FEE8C8
Cheryl;1153;#FEE8C8
Catherine;1149;#FEE8C8
Morgan;1149;#FEE8C8
Cynthia;1147;#FEE8C8
Nathaniel;1138;#FFF7FB
Gabriel;1128;#FFF7FB
Holly;1121;#FEE8C8
Dawn;1120;#FEE8C8
Sandra;1118;#FEE8C8
Jordan;1117;#FFF7FB
Seth;1110;#FFF7FB
Allison;1110;#FEE8C8
Isabella;1098;#FEE8C8
Sophia;1094;#FEE8C8
Wyatt;1081;#FFF7FB
Kathryn;1073;#FEE8C8
Bruce;1062;#FFF7FB
Denise;1049;#FEE8C8
Katie;1037;#FEE8C8
Alyssa;1028;#FEE8C8
George;1015;#FFF7FB
Dustin;1014;#FFF7FB
Brooke;1013;#FEE8C8
Julia;1010;#FEE8C8
Jack;998;#FFF7FB
Nancy;998;#FEE8C8
Barbara;990;#FEE8C8
Robin;986;#FEE8C8
Jackson;985;#FFF7FB
Victoria;985;#FEE8C8
Troy;982;#FFF7FB
Philip;972;#FFF7FB
Diane;971;#FEE8C8
Raymond;960;#FFF7FB
Randy;957;#FFF7FB
Ava;954;#FEE8C8
Erica;954;#FEE8C8
Chelsea;945;#FEE8C8
Margaret;938;#FEE8C8
Brianna;935;#FEE8C8
Luke;928;#FFF7FB
Jared;914;#FFF7FB
Shane;914;#FFF7FB
Molly;911;#FEE8C8
Wayne;898;#FFF7FB
Dana;888;#FFF7FB
Colby;886;#FFF7FB
Alan;882;#FFF7FB
Jamie;879;#FEE8C8
Dennis;871;#FFF7FB
April;871;#FEE8C8
Gavin;862;#FFF7FB
Natalie;843;#FEE8C8
Elijah;842;#FFF7FB
Mackenzie;840;#FEE8C8
Carol;839;#FEE8C8
Tiffany;828;#FEE8C8
Jill;820;#FEE8C8
Alex;809;#FFF7FB
Aiden;805;#FFF7FB
Lynn;803;#FEE8C8
Bethany;792;#FEE8C8
Theresa;781;#FEE8C8
Roger;776;#FFF7FB
Cindy;775;#FEE8C8
Ella;765;#FFF7EC
Chloe;760;#FFF7EC
Lily;758;#FFF7EC
Sharon;752;#FFF7EC
Cole;733;#FFF7FB
Dale;731;#FFF7FB
Paige;731;#FFF7EC
Ann;730;#FFF7EC
Michele;725;#FFF7EC
Amelia;724;#FFF7EC
Alicia;722;#FFF7EC
Marc;709;#FFF7FB
Carter;708;#FFF7FB
Joel;702;#FFF7FB
Trevor;701;#FFF7FB
Carrie;700;#FFF7EC
Bradley;697;#FFF7FB
Beth;696;#FFF7EC
Leah;694;#FFF7EC
Cassandra;692;#FFF7EC
Kaitlyn;692;#FFF7EC
Melanie;687;#FFF7EC
Charlotte;681;#FFF7EC
Haley;679;#FFF7EC
Lillian;675;#FFF7EC
Paula;671;#FFF7EC
Henry;662;#FFF7FB
Jenna;658;#FFF7EC
Chase;649;#FFF7FB
Devin;647;#FFF7FB
Rhonda;641;#FFF7EC
Russell;639;#FFF7FB
Autumn;639;#FFF7EC
Kathy;633;#FFF7EC
Meghan;633;#FFF7EC
Kelsey;626;#FFF7EC
Brayden;623;#FFF7FB
Bryan;623;#FFF7FB
Lindsey;620;#FFF7EC
Landon;611;#FFF7FB
Lindsay;611;#FFF7EC
Sherry;609;#FFF7EC
Christian;607;#FFF7FB
Renee;605;#FFF7EC
Brent;603;#FFF7FB
Isaiah;602;#FFF7FB
Kim;599;#FFF7EC
Alexandra;592;#FFF7EC
Stacey;592;#FFF7EC
Teresa;590;#FFF7EC
Kristin;582;#FFF7EC
Anne;580;#FFF7EC
Katelyn;579;#FFF7EC
Dominic;578;#FFF7FB
Brady;576;#FFF7FB
Hailey;576;#FFF7EC
Oliver;575;#FFF7FB
Parker;568;#FFF7FB
Spencer;558;#FFF7FB
Sydney;557;#FFF7EC
Garrett;552;#FFF7FB
Lydia;551;#FFF7EC
Caitlin;541;#FFF7EC
Suzanne;531;#FFF7EC
Gabrielle;530;#FFF7EC
Jasmine;530;#FFF7EC
Stacy;526;#FFF7EC
Carl;525;#FFF7FB
Addison;525;#FFF7EC
Larry;507;#FFF7FB
Janet;506;#FFF7EC
Cory;502;#FFF7FB
Dean;500;#FFF7FB
Madeline;497;#FFF7EC
Isabelle;492;#FFF7EC
Frank;491;#FFF7FB
Bonnie;490;#FFF7EC
Avery;476;#FFF7EC
Miranda;475;#FFF7EC
Savannah;471;#FFF7EC
Tara;471;#FFF7EC
Gerald;469;#FFF7FB
Caroline;469;#FFF7EC
Lawrence;455;#FFF7FB
Kaylee;454;#FFF7EC
Valerie;454;#FFF7EC
Ricky;453;#FFF7FB
Riley;453;#FFF7FB
Darren;451;#FFF7FB
Maxwell;450;#FFF7FB
Jamie;442;#FFF7FB
Jeffery;437;#FFF7FB
Glenn;435;#FFF7FB
Mariah;433;#FFF7EC
Bryce;430;#FFF7FB
Cooper;430;#FFF7FB
Kristina;429;#FFF7EC
Terri;425;#FFF7EC
Dakota;423;#FFF7FB
Riley;423;#FFF7EC
Levi;421;#FFF7FB
Audrey;417;#FFF7EC
Arthur;416;#FFF7FB
Aidan;412;#FFF7FB
Alison;411;#FFF7EC
Evelyn;411;#FFF7EC
Randall;408;#FFF7FB
Zoe;408;#FFF7EC
Jordan;406;#FFF7EC
Jane;405;#FFF7EC
Blake;397;#FFF7FB
Erik;397;#FFF7FB
Sophie;397;#FFF7EC
Jay;396;#FFF7FB
Darlene;392;#FFF7EC
Mia;389;#FFF7EC
Gage;388;#FFF7FB
Makayla;388;#FFF7EC
Nolan;387;#FFF7FB
Rodney;384;#FFF7FB
Casey;382;#FFF7FB
Harper;378;#FFF7EC
Debbie;375;#FFF7EC
Sheila;375;#FFF7EC
Jon;374;#FFF7FB
Shelby;372;#FFF7EC
Danny;362;#FFF7FB
Jayden;359;#FFF7FB
Katrina;355;#FFF7EC
Eli;354;#FFF7FB
Sierra;352;#FFF7EC
Terry;351;#FFF7FB
Jillian;351;#FFF7EC
Penny;350;#FFF7EC
Tanya;349;#FFF7EC
Erika;348;#FFF7EC
Natasha;346;#FFF7EC
Kylie;339;#FFF7EC
Nichole;337;#FFF7EC
Norman;336;#FFF7FB
Jaime;331;#FFF7EC
Chris;330;#FFF7FB
Taylor;327;#FFF7FB
Cathy;327;#FFF7EC
Brett;325;#FFF7FB
Whitney;325;#FFF7EC
Cassidy;323;#FFF7EC
Kaleb;321;#FFF7FB
Vicki;321;#FFF7EC
Bentley;317;#FFF7FB
Wanda;313;#FFF7EC
Aubrey;304;#FFF7EC
Jacqueline;303;#FFF7EC
Marissa;299;#FFF7EC
Piper;299;#FFF7EC
Brooklyn;296;#FFF7EC
Sadie;293;#FFF7EC
Bailey;292;#FFF7EC
Allen;289;#FFF7FB
Camden;288;#FFF7FB
Nevaeh;285;#FFF7EC
Frederick;282;#FFF7FB
Faith;282;#FFF7EC
Gabriella;282;#FFF7EC
Madelyn;282;#FFF7EC
Ralph;281;#FFF7FB
Brody;280;#FFF7FB
Hayden;278;#FFF7FB
Diana;276;#FFF7EC
Casey;272;#FFF7EC
Lucy;272;#FFF7EC
Walter;271;#FFF7FB
Jodi;271;#FFF7EC
Zoey;269;#FFF7EC
Harold;264;#FFF7FB
Jean;264;#FFF7EC
Marie;263;#FFF7EC
Gail;260;#FFF7EC
Judith;257;#FFF7EC
Willow;257;#FFF7EC
Monica;256;#FFF7EC
Colton;254;#FFF7FB
Lincoln;253;#FFF7FB
Tristan;251;#FFF7FB
Mitchell;246;#FFF7FB
Elaine;246;#FFF7EC
Silas;245;#FFF7FB
Devon;244;#FFF7FB
Annabelle;244;#FFF7EC
Nora;244;#FFF7EC
Barry;241;#FFF7FB
Destiny;241;#FFF7EC
Brandy;238;#FFF7EC
Sawyer;237;#FFF7FB
Brandi;237;#FFF7EC
Peyton;236;#FFF7EC
Tracey;235;#FFF7EC
Colin;234;#FFF7FB
Arianna;231;#FFF7EC
Maria;229;#FFF7EC
Annette;225;#FFF7EC
Janice;224;#FFF7EC
Michaela;224;#FFF7EC
Meagan;222;#FFF7EC
Kate;221;#FFF7EC
Roland;219;#FFF7FB
Kara;217;#FFF7EC
Grayson;216;#FFF7FB
Kristy;216;#FFF7EC
Vanessa;215;#FFF7EC
Jaxon;214;#FFF7FB
Maureen;214;#FFF7EC
Lee;213;#FFF7FB
Wesley;213;#FFF7FB
Kristopher;212;#FFF7FB
Joanne;212;#FFF7EC
Eleanor;211;#FFF7EC
Jaxson;209;#FFF7FB
Leslie;203;#FFF7EC
Misty;200;#FFF7EC
Martin;199;#FFF7FB
Jerry;198;#FFF7FB
Tonya;198;#FFF7EC
Ashton;197;#FFF7FB
Claire;196;#FFF7EC
Terry;195;#FFF7EC
Ellen;191;#FFF7EC
Melinda;186;#FFF7EC
Kelley;185;#FFF7EC
Carolyn;184;#FFF7EC
Rylee;184;#FFF7EC
Aria;183;#FFF7EC
Judy;182;#FFF7EC
Trinity;182;#FFF7EC
Eugene;181;#FFF7FB
Brittney;179;#FFF7EC
Lilly;178;#FFF7EC
Albert;177;#FFF7FB
Joyce;177;#FFF7EC
Mya;177;#FFF7EC
Dillon;176;#FFF7FB
Keegan;176;#FFF7FB
Mathew;175;#FFF7FB
Glen;173;#FFF7FB
Shelly;173;#FFF7EC
Joan;172;#FFF7EC
Scarlett;172;#FFF7EC
Violet;171;#FFF7EC
Tony;170;#FFF7FB
Eliza;169;#FFF7EC
Brad;166;#FFF7FB
Sherri;166;#FFF7EC
Steve;164;#FFF7FB
Layla;163;#FFF7EC
Mikayla;163;#FFF7EC
Theodore;162;#FFF7FB
Ruth;162;#FFF7EC
Stella;162;#FFF7EC
Griffin;160;#FFF7FB
Jace;156;#FFF7FB
Carson;154;#FFF7FB
Bella;154;#FFF7EC
Chelsey;154;#FFF7EC
Sally;154;#FFF7EC
Ernest;151;#FFF7FB
Ellie;150;#FFF7EC
Aurora;149;#FFF7EC
Eva;148;#FFF7EC
Penelope;146;#FFF7EC
Dawson;145;#FFF7FB
Phillip;145;#FFF7FB
Jeremiah;143;#FFF7FB
Dalton;142;#FFF7FB
Emmett;142;#FFF7FB
Shaun;142;#FFF7FB
Xavier;142;#FFF7FB
Breanna;142;#FFF7EC
Drew;141;#FFF7FB
Hazel;141;#FFF7EC
Paisley;140;#FFF7EC
Miles;139;#FFF7FB
Aubree;139;#FFF7EC
Shelley;138;#FFF7EC
Jenny;137;#FFF7EC
Isabel;136;#FFF7EC
Isla;136;#FFF7EC
Calvin;135;#FFF7FB
Desiree;133;#FFF7EC
Quinn;133;#FFF7EC
Kaden;132;#FFF7FB
Alice;131;#FFF7EC
Heath;129;#FFF7FB
Mike;129;#FFF7FB
Jeff;128;#FFF7FB
Lance;127;#FFF7FB
Alexandria;127;#FFF7EC
Angel;123;#FFF7EC
Clara;123;#FFF7EC
Maya;122;#FFF7EC
Caden;121;#FFF7FB
Cheyenne;121;#FFF7EC
Stanley;120;#FFF7FB
Cora;120;#FFF7EC
Kendra;119;#FFF7EC
Declan;118;#FFF7FB
Ryder;118;#FFF7FB
Hope;117;#FFF7EC
Duane;115;#FFF7FB
Ayden;114;#FFF7FB
Mallory;114;#FFF7EC
Ezra;113;#FFF7FB
Tucker;113;#FFF7FB
Jameson;112;#FFF7FB
Asher;110;#FFF7FB
Leo;110;#FFF7FB
Kaitlin;110;#FFF7EC
Abel;109;#FFF7FB
Felicia;107;#FFF7EC
Tricia;107;#FFF7EC
Caitlyn;106;#FFF7EC
Dwayne;104;#FFF7FB
Deanna;104;#FFF7EC
Khloe;103;#FFF7EC
Everett;102;#FFF7FB
Elise;102;#FFF7EC
Darryl;100;#FFF7FB
Greyson;100;#FFF7FB
Payton;100;#FFF7EC
Adeline;99;#FFF7EC
Tanner;98;#FFF7FB
Alivia;98;#FFF7EC
Josephine;97;#FFF7EC
Julian;95;#FFF7FB
Hadley;95;#FFF7EC
Mandy;93;#FFF7EC
Kirk;92;#FFF7FB
Fiona;92;#FFF7EC
Kristi;90;#FFF7EC
Louise;90;#FFF7EC
Martha;90;#FFF7EC
Aimee;89;#FFF7EC
Vivian;89;#FFF7EC
Derrick;88;#FFF7FB
Fred;88;#FFF7FB
Kinsley;88;#FFF7EC
Lynne;88;#FFF7EC
Kayden;87;#FFF7FB
Jake;86;#FFF7FB
Darrell;84;#FFF7FB
Colleen;84;#FFF7EC
Ivy;83;#FFF7EC
Ryker;82;#FFF7FB
Darcy;82;#FFF7EC
Jade;80;#FFF7EC
Finn;79;#FFF7FB
Sabrina;79;#FFF7EC
Kurt;77;#FFF7FB
Hayley;77;#FFF7EC
Hillary;77;#FFF7EC
Kennedy;77;#FFF7EC
Elliot;76;#FFF7FB
Lacey;76;#FFF7EC
Micheal;75;#FFF7FB
Ruby;73;#FFF7EC
Jody;72;#FFF7EC
Sebastian;70;#FFF7FB
Delaney;70;#FFF7EC
Lila;70;#FFF7EC
Hudson;69;#FFF7FB
Aaliyah;69;#FFF7EC
Bryson;68;#FFF7FB
Ariel;68;#FFF7EC
Jessie;67;#FFF7EC
Krista;66;#FFF7EC
Alec;65;#FFF7FB
Serenity;65;#FFF7EC
Rose;64;#FFF7EC
Clifford;62;#FFF7FB
Maddox;62;#FFF7FB
Easton;61;#FFF7FB
Toby;61;#FFF7FB
Abby;61;#FFF7EC
Curtis;59;#FFF7FB
Alexa;59;#FFF7EC
Betty;59;#FFF7EC
Vincent;58;#FFF7FB
Harrison;57;#FFF7FB
Louis;57;#FFF7FB
Wade;57;#FFF7FB
Rowan;56;#FFF7FB
Xander;56;#FFF7FB
Ariana;56;#FFF7EC
Carla;56;#FFF7EC
Iris;56;#FFF7EC
Shirley;56;#FFF7EC
Maverick;55;#FFF7FB
Logan;55;#FFF7EC
Gina;54;#FFF7EC
Bennett;53;#FFF7FB
Hilary;52;#FFF7EC
Keira;52;#FFF7EC
Max;51;#FFF7FB
Everly;51;#FFF7EC
Krystal;51;#FFF7EC
Luna;50;#FFF7EC
Peggy;50;#FFF7EC
Brendan;48;#FFF7FB
Brooklynn;47;#FFF7EC
Cadence;47;#FFF7EC
Skylar;47;#FFF7EC
Bobbi;46;#FFF7EC
Becky;43;#FFF7EC
Christy;43;#FFF7EC
Reese;43;#FFF7EC
Sage;43;#FFF7EC
Jase;42;#FFF7FB
Kylee;42;#FFF7EC
Weston;41;#FFF7FB
Gracie;41;#FFF7EC
Norah;41;#FFF7EC
Phoebe;41;#FFF7EC
Sheena;41;#FFF7EC
Stacy;40;#FFF7FB
Braden;39;#FFF7FB
Reginald;39;#FFF7FB
Ryleigh;39;#FFF7EC
Brantley;38;#FFF7FB
Jacoby;38;#FFF7FB
Kaiden;38;#FFF7FB
Kerry;38;#FFF7EC
Stacie;38;#FFF7EC
Summer;38;#FFF7EC
Rachael;37;#FFF7EC
Landen;36;#FFF7FB
Brynn;36;#FFF7EC
Tasha;36;#FFF7EC
Tracy;35;#FFF7FB
Angie;35;#FFF7EC
Ashlee;35;#FFF7EC
Brielle;35;#FFF7EC
Elena;35;#FFF7EC
Bailey;34;#FFF7FB
Finley;34;#FFF7FB
Marcus;34;#FFF7FB
Lyla;34;#FFF7EC
Darrin;32;#FFF7FB
Mckenzie;32;#FFF7EC
Collin;31;#FFF7FB
Damien;31;#FFF7FB
Jody;31;#FFF7FB
Reid;31;#FFF7FB
Shannon;31;#FFF7FB
Nova;31;#FFF7EC
Sofia;31;#FFF7EC
Roy;30;#FFF7FB
Adrianna;30;#FFF7EC
Dianne;30;#FFF7EC
Emilia;30;#FFF7EC
Lorraine;30;#FFF7EC
Makenzie;30;#FFF7EC
Marcia;30;#FFF7EC
Avery;29;#FFF7FB
Dakota;28;#FFF7EC
Dorothy;28;#FFF7EC
Jayden;28;#FFF7EC
Billy;27;#FFF7FB
Leonard;27;#FFF7FB
Callie;27;#FFF7EC
Eloise;27;#FFF7EC
Doreen;26;#FFF7EC
Izabella;24;#FFF7EC
Adelaide;23;#FFF7EC
Arabella;23;#FFF7EC
Belinda;23;#FFF7EC
Rowan;23;#FFF7EC
Jayce;22;#FFF7FB
Freya;22;#FFF7EC
Howard;21;#FFF7FB
Warren;21;#FFF7FB
Elias;20;#FFF7FB
Lloyd;20;#FFF7FB
Maurice;20;#FFF7FB
Brianne;20;#FFF7EC
Mindy;20;#FFF7EC
Chandler;19;#FFF7FB
Gordon;19;#FFF7FB
Guy;19;#FFF7FB
Karl;19;#FFF7FB
Earl;18;#FFF7FB
Elliott;18;#FFF7FB
Francis;18;#FFF7FB
Greg;18;#FFF7FB
Jakob;18;#FFF7FB
Kerry;18;#FFF7FB
Stuart;18;#FFF7FB
Devon;18;#FFF7EC
Gretchen;18;#FFF7EC
Mila;18;#FFF7EC
Trisha;18;#FFF7EC
Cayden;17;#FFF7FB
Grady;17;#FFF7FB
Joey;17;#FFF7FB
Lukas;17;#FFF7FB
Roman;17;#FFF7FB
Delilah;17;#FFF7EC
Kari;17;#FFF7EC
Sasha;17;#FFF7EC
Shania;17;#FFF7EC
Branden;16;#FFF7FB
Conner;16;#FFF7FB
Kelly;16;#FFF7FB
Briana;16;#FFF7EC
Christie;16;#FFF7EC
Joanna;16;#FFF7EC
Liza;16;#FFF7EC
Jasper;15;#FFF7FB
Jonah;15;#FFF7FB
Lewis;15;#FFF7FB
Micah;15;#FFF7FB
Myles;15;#FFF7FB
Preston;15;#FFF7FB
Adelyn;15;#FFF7EC
Bridget;15;#FFF7EC
Carly;15;#FFF7EC
Cassie;15;#FFF7EC
Kiara;15;#FFF7EC
Meredith;15;#FFF7EC
Rebekah;15;#FFF7EC
Tabitha;15;#FFF7EC
Beckett;14;#FFF7FB
Adriana;14;#FFF7EC
Maeve;14;#FFF7EC
Raelynn;14;#FFF7EC
Forrest;13;#FFF7FB
Neil;13;#FFF7FB
Ross;13;#FFF7FB
Alexia;13;#FFF7EC
Elliana;13;#FFF7EC
Finley;13;#FFF7EC
Gianna;13;#FFF7EC
Haylee;13;#FFF7EC
Jordyn;13;#FFF7EC
Kayleigh;13;#FFF7EC
Lilah;13;#FFF7EC
Reagan;13;#FFF7EC
Adalynn;12;#FFF7EC
Alana;12;#FFF7EC
Eliana;12;#FFF7EC
Emerson;12;#FFF7EC
Evangeline;12;#FFF7EC
Gracelyn;12;#FFF7EC
Gwendolyn;12;#FFF7EC
Julianna;12;#FFF7EC
Kassidy;12;#FFF7EC
Kaydence;12;#FFF7EC
Kendall;12;#FFF7EC
Lucia;12;#FFF7EC
Maggie;12;#FFF7EC
Nadia;12;#FFF7EC
Sawyer;12;#FFF7EC
Tessa;12;#FFF7EC
Aspen;11;#FFF7EC
Ayla;11;#FFF7EC
Baylee;11;#FFF7EC
Braelynn;11;#FFF7EC
Charlie;11;#FFF7EC
Elsie;11;#FFF7EC
Everleigh;11;#FFF7EC
Liliana;11;#FFF7EC
Madilyn;11;#FFF7EC
Vivienne;11;#FFF7EC
